Outcome,effect,term,estimate,std.error,statistic,conf.low,conf.high
Weight,fixed,(Intercept),124.93129755754707,1.539053408001411,81.17411449663774,121.91480830758067,127.94778680751347
Weight,fixed,followup_period0–1m,-10.794189071413388,0.8283942086266181,-13.03025656022983,-12.417811885323118,-9.170566257503658
Weight,fixed,followup_period1–6m,-20.15485192565119,0.4562019157917401,-44.17967401709038,-21.048991250281176,-19.260712601021204
Weight,fixed,followup_period6–12m,-35.20802934135383,0.5604970181815101,-62.81572996692043,-36.30658331043168,-34.10947537227598
Weight,fixed,followup_period12–24m,-39.01087878017604,0.719851911461908,-54.19292240393025,-40.4217626008437,-37.599994959508386
Weight,fixed,followup_period>24m,-31.712790498842082,0.8597357128217459,-36.88667345777374,-33.39784153219558,-30.02773946548859
Weight,fixed,SurgeryTypeNameOAGB,0.7615909696246493,0.85972294926474,0.8858562752989019,-0.9234350476167968,2.4466169868660956
Weight,fixed,SurgeryTypeNameRYGB,0.005245387648861921,1.3199923503960589,0.003973801550659033,-2.5818920789957884,2.592382854293512
Weight,fixed,Age,-0.2715008188368009,0.03536543828073021,-7.677009872792535,-0.3408158041645062,-0.20218583350909558
Weight,fixed,SexMale,23.25559179829836,0.8641801937251717,26.910581805921545,21.56182974244418,24.949353854152545
Weight,fixed,T2DM_FBSYes,-1.0370867569053361,0.9795788501585502,-1.0587067664205674,-2.9570260232332526,0.8828525094225801
Weight,fixed,HTN_FBSYes,1.1168517095039687,0.9539773704235315,1.1707318686271635,-0.7529095785923787,2.986612997600316
Weight,fixed,Hypothyroidism_FBSYes,1.2454978478183363,0.883971225253614,1.408980080161545,-0.48705391704849044,2.978049612685163
Weight,fixed,followup_period0–1m:SurgeryTypeNameOAGB,1.3946229461675932,0.9785476210017683,1.425196808245138,-0.5232951481532229,3.3125410404884095
Weight,fixed,followup_period1–6m:SurgeryTypeNameOAGB,0.9591995130158605,0.5425133831441226,1.76806608429979,-0.10410717907759881,2.0225062051093197
Weight,fixed,followup_period6–12m:SurgeryTypeNameOAGB,-0.4251196886581825,0.662171175013082,-0.6420087504560792,-1.722951343284392,0.8727119659680269
Weight,fixed,followup_period12–24m:SurgeryTypeNameOAGB,-3.887593180368541,0.8480723455661718,-4.584034841712931,-5.549784433962644,-2.2254019267744374
Weight,fixed,followup_period>24m:SurgeryTypeNameOAGB,-8.48551044488842,0.9864170292731367,-8.602355994544375,-10.418852296000761,-6.552168593776081
Weight,fixed,followup_period0–1m:SurgeryTypeNameRYGB,1.1031531306562439,1.323437050680246,0.833551645005876,-1.490735824482948,3.697042085795436
Weight,fixed,followup_period1–6m:SurgeryTypeNameRYGB,0.2851654027399814,0.847567425439618,0.33645158388675833,-1.376036225591007,1.94636703107097
Weight,fixed,followup_period6–12m:SurgeryTypeNameRYGB,0.9449152090881374,0.9499223314148827,0.9947289139741695,-0.9168983485953535,2.806728766771628
Weight,fixed,followup_period12–24m:SurgeryTypeNameRYGB,-1.5257841245585415,1.146704564889218,-1.33058171326452,-3.7732837726490818,0.7217155235319987
Weight,fixed,followup_period>24m:SurgeryTypeNameRYGB,-3.4044904224799146,1.2786882989369879,-2.662486569487005,-5.910673435849196,-0.8983074091106329
BMI,fixed,(Intercept),43.22335791531027,0.5029419055054422,85.94105490548066,42.23760989420365,44.20910593641688
BMI,fixed,followup_period0–1m,-3.794403550487407,0.2999853689132451,-12.648628712238088,-4.382364069446329,-3.2064430315284853
BMI,fixed,followup_period1–6m,-7.241701252128669,0.16536989254015086,-43.79092917636398,-7.565820285634624,-6.917582218622714
BMI,fixed,followup_period6–12m,-12.822881848686364,0.20308009752478945,-63.14199178046539,-13.220911525811834,-12.424852171560895
BMI,fixed,followup_period12–24m,-14.376156016791123,0.26073277703130465,-55.13750967744674,-14.887182869361592,-13.865129164220654
BMI,fixed,followup_period>24m,-11.574709885982884,0.31133554614592773,-37.177604771662146,-12.18491634353601,-10.964503428429758
BMI,fixed,SurgeryTypeNameOAGB,0.4150224018395104,0.28472644179786816,1.4576180533810112,-0.1430311695305509,0.9730759732095717
BMI,fixed,SurgeryTypeNameRYGB,0.07188754651460108,0.43715080248603705,0.164445646915854,-0.7849122821708141,0.9286873752000162
BMI,fixed,Age,0.012633605559517456,0.011510225780198098,1.097598413860134,-0.009926022423595256,0.03519323354263017
BMI,fixed,SexMale,1.3496564892679905,0.28139930761495696,4.796232445300634,0.7981239810681673,1.9011889974678138
BMI,fixed,T2DM_FBSYes,-0.45724333717842736,0.3187680287340503,-1.434407769795219,-1.0820171929199949,0.16753051856314016
BMI,fixed,HTN_FBSYes,0.4384371410475954,0.31039392205078326,1.4125184480122104,-0.16992376719207253,1.0467980492872633
BMI,fixed,Hypothyroidism_FBSYes,0.504319116736925,0.2877083660486756,1.752883044949768,-0.05957891876934551,1.0682171522431956
BMI,fixed,followup_period0–1m:SurgeryTypeNameOAGB,0.36238807118574434,0.35437992123736983,1.0225976401834869,-0.3321838112836414,1.05695995365513
BMI,fixed,followup_period1–6m:SurgeryTypeNameOAGB,0.17961351664644482,0.19666337717249063,0.9133043438428721,-0.20583961968965336,0.565066652982543
BMI,fixed,followup_period6–12m:SurgeryTypeNameOAGB,-0.37517941995467957,0.23992448989242726,-1.5637395754093104,-0.8454227791529811,0.095063939243622
BMI,fixed,followup_period12–24m:SurgeryTypeNameOAGB,-1.6113146256612698,0.30717612807928035,-5.245572420410869,-2.213368773607122,-1.0092604777154177
BMI,fixed,followup_period>24m:SurgeryTypeNameOAGB,-3.3395161147974775,0.3572002865431441,-9.349141757740771,-4.039615811689427,-2.6394164179055277
BMI,fixed,followup_period0–1m:SurgeryTypeNameRYGB,0.1304588451116671,0.47950810566018276,0.2720680705325147,-0.8093597722773178,1.070277462500652
BMI,fixed,followup_period1–6m:SurgeryTypeNameRYGB,-0.3460314051989472,0.3072383157635563,-1.1262638396483242,-0.9482074387662622,0.25614462836836777
BMI,fixed,followup_period6–12m:SurgeryTypeNameRYGB,-0.24653885077355256,0.3442227897375001,-0.7162188504763439,-0.9212031213169563,0.4281254197698512
BMI,fixed,followup_period12–24m:SurgeryTypeNameRYGB,-1.1373447430065229,0.415475161585376,-2.7374554441873893,-1.951661096184819,-0.3230283898282267
BMI,fixed,followup_period>24m:SurgeryTypeNameRYGB,-1.7990070342411377,0.4631409657544747,-3.884361711148754,-2.7067466468850068,-0.8912674215972689
TWL,fixed,(Intercept),3.275196472918016,0.48321010614440896,6.777996633909831,2.328122067909198,4.222270877926834
TWL,fixed,followup_period0–1m,8.3149251964379,0.5842827294391532,14.230996018689973,7.169752089948399,9.4600983029274
TWL,fixed,followup_period1–6m,16.0329275150233,0.3284495670224341,48.81397062072608,15.389178192921554,16.676676837125044
TWL,fixed,followup_period6–12m,28.251422581493202,0.39891917629219364,70.81991606440116,27.469555363218117,29.033289799768287
TWL,fixed,followup_period12–24m,31.833719596941446,0.5076278294195153,62.7107454556699,30.838787333728956,32.82865186015394
TWL,fixed,followup_period>24m,26.18909797512569,0.6031230807095354,43.42247679249136,25.00699845869016,27.371197491561222
TWL,fixed,SurgeryTypeNameOAGB,0.11008947150190196,0.3336846072586492,0.32992073684887785,-0.543920340920443,0.7640992839242469
TWL,fixed,SurgeryTypeNameRYGB,-0.31590892632446,0.5124427309592405,-0.6164765489659902,-1.3202782231439198,0.6884603704949998
TWL,fixed,Age,-0.058661447883455085,0.010193953985525991,-5.75453332109859,-0.07864123055514456,-0.03868166521176561
TWL,fixed,SexMale,0.7852916868174777,0.2522601103824286,3.1130236390801875,0.2908709557318192,1.2797124179031363
TWL,fixed,T2DM_FBSYes,-0.5140507195529893,0.2817068484335722,-1.8247718236576875,-1.0661859966810745,0.03808455757509577
TWL,fixed,HTN_FBSYes,0.12470123853502776,0.27318596487855634,0.4564701506186936,-0.4107334137087666,0.6601358907788222
TWL,fixed,Hypothyroidism_FBSYes,-0.5365306651162098,0.2546243113527201,-2.1071462589955794,-1.0355851449558544,-0.03747618527656532
TWL,fixed,followup_period0–1m:SurgeryTypeNameOAGB,-0.23296263953132104,0.6908146354350948,-0.3372288709323515,-1.586934444977274,1.1210091659146317
TWL,fixed,followup_period1–6m:SurgeryTypeNameOAGB,-0.3687524590423248,0.39070308199343284,-0.9438176355325576,-1.1345164283982527,0.39701151031360316
TWL,fixed,followup_period6–12m:SurgeryTypeNameOAGB,1.2156513086925163,0.47138078693164215,2.578915692778979,0.29176194330234884,2.1395406740826837
TWL,fixed,followup_period12–24m:SurgeryTypeNameOAGB,3.5085899013364394,0.5980083736219678,5.867125037206255,2.3365150265840104,4.680664776088868
TWL,fixed,followup_period>24m:SurgeryTypeNameOAGB,6.943471464376536,0.6912495392994219,10.044811706368312,5.588647263019765,8.298295665733308
TWL,fixed,followup_period0–1m:SurgeryTypeNameRYGB,0.1048410819451364,0.9426347925564111,0.11122131579803987,-1.742689162039814,1.9523713259300868
TWL,fixed,followup_period1–6m:SurgeryTypeNameRYGB,0.854855505644521,0.6100388496623373,1.4013132214738324,-0.34079866886390453,2.0505096801529463
TWL,fixed,followup_period6–12m:SurgeryTypeNameRYGB,1.2558144670081053,0.6780573787461274,1.8520769869511249,-0.07315357478593887,2.5847825088021494
TWL,fixed,followup_period12–24m:SurgeryTypeNameRYGB,3.012088401014603,0.8144117137508846,3.698483641820447,1.4158707734753258,4.608306028553881
TWL,fixed,followup_period>24m:SurgeryTypeNameRYGB,3.362864718403401,0.9009645345415129,3.732516197338124,1.5970066793541424,5.1287227574526595
FATP,fixed,(Intercept),49.27558001818791,0.5651001488766185,87.19795971766152,48.168004078731514,50.383155957644306
FATP,fixed,followup_period0–1m,-1.1097705238530102,0.4185744724817713,-2.6513096158804577,-1.9301614147651338,-0.28937963294088664
FATP,fixed,followup_period1–6m,-4.197083677384416,0.2314427552411366,-18.13443532942537,-4.650703142139763,-3.74346421262907
FATP,fixed,followup_period6–12m,-11.705254965143677,0.28379718688025474,-41.245140918477766,-12.261487230342759,-11.149022699944595
FATP,fixed,followup_period12–24m,-13.888002394481878,0.3639836278985418,-38.15556890474501,-14.601397196125248,-13.174607592838509
FATP,fixed,followup_period>24m,-9.039445679180952,0.4343508513681887,-20.811391645042345,-9.890757704516911,-8.188133653844993
FATP,fixed,SurgeryTypeNameOAGB,0.5908307396436089,0.33225305569588587,1.778255247062051,-0.060373283273707945,1.2420347625609258
FATP,fixed,SurgeryTypeNameRYGB,-1.2729774286046889,0.5100959975219217,-2.4955644325556228,-2.2727472124056876,-0.27320764480369
FATP,fixed,Age,0.008875807816250693,0.0127750760842244,0.6947753389282113,-0.01616288120858811,0.03391449684108949
FATP,fixed,SexMale,-9.442088570341388,0.31280651010553284,-30.18507692552777,-10.055178064277897,-8.82899907640488
FATP,fixed,T2DM_FBSYes,-1.2279076964347428,0.35363623785554354,-3.4722337956109843,-1.921021986259848,-0.5347934066096376
FATP,fixed,HTN_FBSYes,-0.06330936036092823,0.3441906286536995,-0.18393690905694493,-0.7379105963383791,0.6112918756165225
FATP,fixed,Hypothyroidism_FBSYes,0.7361054274525449,0.31933382236895713,2.30512828860969,0.11022263656387798,1.361988218341212
FATP,fixed,followup_period0–1m:SurgeryTypeNameOAGB,0.37588476777403457,0.4945507783538343,0.7600529292971848,-0.5934169463257314,1.3451864818738004
FATP,fixed,followup_period1–6m:SurgeryTypeNameOAGB,-0.09568065452899038,0.2752620249224555,-0.3475984548029999,-0.6351843096885699,0.44382300063058905
FATP,fixed,followup_period6–12m:SurgeryTypeNameOAGB,-1.2753713009005008,0.33530680626175474,-3.8035950272506303,-1.9325605649446893,-0.6181820368563121
FATP,fixed,followup_period12–24m:SurgeryTypeNameOAGB,-3.1435541627038237,0.4288220561404876,-7.330672752695246,-3.9840299485155923,-2.303078376892055
FATP,fixed,followup_period>24m:SurgeryTypeNameOAGB,-4.84257576936142,0.49828698116358294,-9.718447305312292,-5.819200306407231,-3.8659512323156093
FATP,fixed,followup_period0–1m:SurgeryTypeNameRYGB,-0.20353968261930006,0.6701090238595918,-0.3037411456526629,-1.5169292350993915,1.1098498698607913
FATP,fixed,followup_period1–6m:SurgeryTypeNameRYGB,-1.3812679988089782,0.4299926972989725,-3.212305714691213,-2.2240381991301974,-0.5384977984877589
FATP,fixed,followup_period6–12m:SurgeryTypeNameRYGB,-1.5787224790033652,0.4812336136720014,-3.280573995978986,-2.5219230299505497,-0.6355219280561805
FATP,fixed,followup_period12–24m:SurgeryTypeNameRYGB,-2.8250179033069203,0.5805776485129146,-4.865874376223217,-3.962929184621187,-1.6871066219926534
FATP,fixed,followup_period>24m:SurgeryTypeNameRYGB,-2.367695507348487,0.6465214960399533,-3.6622069364297976,-3.6348543548177505,-1.1005366598792237
PMM,fixed,(Intercept),60.00954611285178,0.7756205254295848,77.36972416970904,58.48935781733976,61.5297344083638
PMM,fixed,followup_period0–1m,-4.469193154282074,0.2832487171263823,-15.778335025213803,-5.024350438516957,-3.9140358700471913
PMM,fixed,followup_period1–6m,-6.1301119625794875,0.15562601647206128,-39.390020393408925,-6.435133349922165,-5.8250905752368105
PMM,fixed,followup_period6–12m,-8.512275795147392,0.19140489701897356,-44.47261239248016,-8.887422499769178,-8.137129090525606
PMM,fixed,followup_period12–24m,-9.586715039102184,0.24599881441194957,-38.97057415507813,-10.068863855589159,-9.10456622261521
PMM,fixed,followup_period>24m,-9.283086256609005,0.29393828298898406,-31.581753020435613,-9.859194704944956,-8.706977808273054
PMM,fixed,SurgeryTypeNameOAGB,-0.27866861808740734,0.4193849741462095,-0.6644697241591101,-1.1006480630712394,0.5433108268964248
PMM,fixed,SurgeryTypeNameRYGB,1.281169051964868,0.6439497811511383,1.9895480819554328,0.01905067305618746,2.5432874308735487
PMM,fixed,Age,-0.14334414395696263,0.01798933595626066,-7.968284338315218,-0.17860259453702493,-0.10808569337690033
PMM,fixed,SexMale,22.768141619442474,0.4391007979239036,51.85174275950235,21.907519869928823,23.628763368956125
PMM,fixed,T2DM_FBSYes,0.41904756584160996,0.4984742413530506,0.8406604214977165,-0.5579439944312954,1.3960391261145153
PMM,fixed,HTN_FBSYes,0.671425317603164,0.4855920501822431,1.3826942128710253,-0.28031761193299887,1.623168247139327
PMM,fixed,Hypothyroidism_FBSYes,0.11709918586023206,0.44961559700293385,0.26044289086232025,-0.7641311911529932,0.9983295628734573
PMM,fixed,followup_period0–1m:SurgeryTypeNameOAGB,0.5994964326740226,0.334545210155639,1.7919743415101401,-0.05620013043141314,1.2551929957794585
PMM,fixed,followup_period1–6m:SurgeryTypeNameOAGB,0.7529504956866148,0.18505467671018147,4.068800146379593,0.390249994163956,1.1156509972092734
PMM,fixed,followup_period6–12m:SurgeryTypeNameOAGB,0.8904593934909064,0.22611210633194015,3.9381323182389987,0.4472878086118127,1.33363097837
PMM,fixed,followup_period12–24m:SurgeryTypeNameOAGB,0.1601941735044791,0.28981167130631447,0.5527526644541618,-0.4078262645552574,0.7282146115642155
PMM,fixed,followup_period>24m:SurgeryTypeNameOAGB,-0.8795890941723324,0.33726892517416546,-2.607975501206087,-1.540624040618231,-0.2185541477264339
PMM,fixed,followup_period0–1m:SurgeryTypeNameRYGB,1.0588341836633797,0.45195448713483116,2.3427894042514477,0.1730196662278396,1.9446487010989197
PMM,fixed,followup_period1–6m:SurgeryTypeNameRYGB,1.341936577472592,0.2891279925635062,4.641323607494834,0.7752561251257554,1.9086170298194287
PMM,fixed,followup_period6–12m:SurgeryTypeNameRYGB,1.5466484878695737,0.3242922751100899,4.769304132651699,0.9110473081892426,2.182249667549905
PMM,fixed,followup_period12–24m:SurgeryTypeNameRYGB,1.1288922497956426,0.39157778219334105,2.882932334598732,0.36141389955062464,1.8963706000406606
PMM,fixed,followup_period>24m:SurgeryTypeNameRYGB,0.4079547844869093,0.43697977990603426,0.9335781728267465,-0.44850984610115724,1.264419415074976
FFM,fixed,(Intercept),63.417528224493694,0.807661119914325,78.5199716326829,61.834541517748335,65.00051493123905
FFM,fixed,followup_period0–1m,-4.7063552121877725,0.2969731081875372,-15.847748777359767,-5.2884118086122625,-4.124298615763283
FFM,fixed,followup_period1–6m,-6.495804880090763,0.16317099816567693,-39.80980047382683,-6.81561415981694,-6.175995600364585
FFM,fixed,followup_period6–12m,-9.012251577498152,0.20068214018297395,-44.90808982444148,-9.405581344597199,-8.618921810399105
FFM,fixed,followup_period12–24m,-10.133362572869276,0.25792013160509086,-39.28876164030796,-10.638876741703085,-9.627848404035467
FFM,fixed,followup_period>24m,-9.821353767776385,0.3081811562853423,-31.868767987497836,-10.425377734809565,-9.217329800743205
FFM,fixed,SurgeryTypeNameOAGB,-0.2762436015680765,0.4368801199204155,-0.6323098465052577,-1.1325129021736304,0.5800256990374775
FFM,fixed,SurgeryTypeNameRYGB,1.225133374819693,0.6708123965297501,1.8263427765461087,-0.0896347627616183,2.5399015124010047
FFM,fixed,Age,-0.15140024707084684,0.01873046414770023,-8.083101725454899,-0.188111282214058,-0.11468921192763568
FFM,fixed,SexMale,23.773829410229613,0.457196601283315,51.99913854017798,22.8777405378602,24.669918282599028
FFM,fixed,T2DM_FBSYes,0.42111827051677636,0.5190081090965464,0.8113905411802333,-0.5961189309966894,1.4383554720302423
FFM,fixed,HTN_FBSYes,0.7101247768073479,0.5055935860887572,1.4045367590614277,-0.2808204427410672,1.701069996355763
FFM,fixed,Hypothyroidism_FBSYes,0.14442034572257242,0.46813945354896874,0.308498556632475,-0.7731161229756677,1.0619568144208125
FFM,fixed,followup_period0–1m:SurgeryTypeNameOAGB,0.6183664912682003,0.3507556526899503,1.7629551698623773,-0.06910195537794184,1.3058349379143426
FFM,fixed,followup_period1–6m:SurgeryTypeNameOAGB,0.8080841999922591,0.194026601356218,4.164811393612355,0.42779904929136153,1.1883693506931567
FFM,fixed,followup_period6–12m:SurgeryTypeNameOAGB,0.9457342344309203,0.2370717567880771,3.989231982940633,0.4810821293746502,1.4103863394871903
FFM,fixed,followup_period12–24m:SurgeryTypeNameOAGB,0.17154973455100075,0.303856265571031,0.5645752745253114,-0.4239976024450579,0.7670970715470594
FFM,fixed,followup_period>24m:SurgeryTypeNameOAGB,-0.9158204014589357,0.3536111957013624,-2.5899078213360065,-1.6088856095637507,-0.22275519335412075
FFM,fixed,followup_period0–1m:SurgeryTypeNameRYGB,1.109048776594479,0.47386014076978444,2.3404559302937624,0.18029996697662154,2.0377975862123363
FFM,fixed,followup_period1–6m:SurgeryTypeNameRYGB,1.4391609406576538,0.30314545489227535,4.747427076447736,0.8450067669917827,2.033315114323525
FFM,fixed,followup_period6–12m:SurgeryTypeNameRYGB,1.6540889892735438,0.34001164220545016,4.864801036060023,0.9876784162265426,2.3204995623205447
FFM,fixed,followup_period12–24m:SurgeryTypeNameRYGB,1.2219482955154377,0.41055749729624486,2.9763146540074503,0.41727038723189736,2.026626203798978
FFM,fixed,followup_period>24m:SurgeryTypeNameRYGB,0.4710072302200286,0.45815613658090976,1.0280495940423782,-0.42696229677456826,1.3689767572146254
SMMI,fixed,(Intercept),9.586462298825506,0.12813141613541731,74.81742251793995,9.335329337911974,9.837595259739038
SMMI,fixed,followup_period0–1m,-0.7803911565761951,0.054628970871362786,-14.285298517041737,-0.8874619719965537,-0.6733203411558364
SMMI,fixed,followup_period1–6m,-1.1053167652012257,0.030036181196066,-36.799510496560565,-1.1641865985786342,-1.0464469318238172
SMMI,fixed,followup_period6–12m,-1.630956483786379,0.03693000750348888,-44.16344848108406,-1.7033379684420111,-1.558574999130747
SMMI,fixed,followup_period12–24m,-1.914399916791608,0.04745335268076316,-40.34277471753172,-2.007406778991581,-1.821393054591635
SMMI,fixed,followup_period>24m,-1.7909915881703862,0.056692930222324786,-31.591092242840567,-1.902107689584185,-1.6798754867565873
SMMI,fixed,SurgeryTypeNameOAGB,0.010819029432210742,0.06999400082718289,0.15457081041735593,-0.12636669132293443,0.14800475018735593
SMMI,fixed,SurgeryTypeNameRYGB,0.2990858408361575,0.10747099966378029,2.782944624799605,0.08844655211263194,0.5097251295596831
SMMI,fixed,Age,-0.00284801476631185,0.002963387612218063,-0.9610672443150771,-0.008656147758491401,0.0029601182258677
SMMI,fixed,SexMale,2.545670494234509,0.07235701915928387,35.182080796205426,2.403853342653638,2.6874876458153802
SMMI,fixed,T2DM_FBSYes,0.018284083322261863,0.08210391689157966,0.2226944098952851,-0.142636636774904,0.17920480341942774
SMMI,fixed,HTN_FBSYes,0.12471252222205731,0.07997498656111764,1.5593941003885112,-0.03203557110180805,0.28146061554592267
SMMI,fixed,Hypothyroidism_FBSYes,0.016534663701975053,0.07406727930278374,0.2232384375073652,-0.12863453616435,0.16170386356830013
SMMI,fixed,followup_period0–1m:SurgeryTypeNameOAGB,0.1133501351021081,0.06452499840739255,1.7566855931781273,-0.0131165378788856,0.2398168080831018
SMMI,fixed,followup_period1–6m:SurgeryTypeNameOAGB,0.123622231778895,0.035716922737042425,3.4611669288822853,0.0536183495756921,0.1936261139820979
SMMI,fixed,followup_period6–12m:SurgeryTypeNameOAGB,0.16164311410607338,0.04362732301169229,3.7050889889061587,0.076135132261261,0.24715109595088575
SMMI,fixed,followup_period12–24m:SurgeryTypeNameOAGB,-0.009189041814385991,0.055905197337903834,-0.16436829225099261,-0.11876121514528198,0.10038313151651002
SMMI,fixed,followup_period>24m:SurgeryTypeNameOAGB,-0.27148936014910774,0.06504923625219852,-4.173597966570007,-0.3989835204252541,-0.14399519987296142
SMMI,fixed,followup_period0–1m:SurgeryTypeNameRYGB,0.16028730552442919,0.0871999470643301,1.838158289318459,-0.010621450175456987,0.33119606122431533
SMMI,fixed,followup_period1–6m:SurgeryTypeNameRYGB,0.10769728167542889,0.05580283830621023,1.9299606425833609,-0.001674271639855257,0.21706883499071303
SMMI,fixed,followup_period6–12m:SurgeryTypeNameRYGB,0.1260527390285866,0.06257529608436578,2.014416981082099,0.003407412381299435,0.24869806567587377
SMMI,fixed,followup_period12–24m:SurgeryTypeNameRYGB,0.10068049107881089,0.07555279833319464,1.3325845408769752,-0.04740027258546842,0.2487612547430902
SMMI,fixed,followup_period>24m:SurgeryTypeNameRYGB,-0.06368311739338994,0.08429338083948436,-0.7554936907164573,-0.22889510797389792,0.10152887318711803
ASM,fixed,(Intercept),27.872017287934064,0.41425984174493574,67.28148490216236,27.060082917872727,28.6839516579954
ASM,fixed,followup_period0–1m,-2.2543789039134725,0.163412169148916,-13.795661092161858,-2.574660870080915,-1.93409693774603
ASM,fixed,followup_period1–6m,-3.1323582494787927,0.08981305144461892,-34.87642607723096,-3.3083885956518886,-2.956327903305697
ASM,fixed,followup_period6–12m,-4.571655577484045,0.11044555611277294,-41.392843120062274,-4.788124889717578,-4.355186265250513
ASM,fixed,followup_period12–24m,-5.312676855781514,0.14193389348722235,-37.4306427115648,-5.590862175202013,-5.034491536361014
ASM,fixed,followup_period>24m,-4.975666379600422,0.16958260196373154,-29.34066538656225,-5.308042171853927,-4.643290587346916
ASM,fixed,SurgeryTypeNameOAGB,-0.02749154755059022,0.22505270081583773,-0.12215604367746181,-0.4685867357731001,0.4136036406719196
ASM,fixed,SurgeryTypeNameRYGB,0.7354027673949475,0.34555670757156387,2.1281681162060715,0.05812406593844299,1.412681468851452
ASM,fixed,Age,-0.07944915932787125,0.009595645171626574,-8.279710004575303,-0.09825627827268499,-0.060642040383057504
ASM,fixed,SexMale,12.29832764247868,0.23425483166861194,52.4997822024712,11.839196609203709,12.757458675753652
ASM,fixed,T2DM_FBSYes,0.05761451551286218,0.2658751567720506,0.21669762685747385,-0.4634912161442975,0.5787202471700219
ASM,fixed,HTN_FBSYes,0.40267357375962404,0.258993631133819,1.55476245495615,-0.10494461548791273,0.9102917630071607
ASM,fixed,Hypothyroidism_FBSYes,0.05186567471392651,0.23983135358374857,0.2162589417059481,-0.41819514067371183,0.5219264901015649
ASM,fixed,followup_period0–1m:SurgeryTypeNameOAGB,0.3904132252467119,0.1930099063774871,2.022762626925196,0.012120760087389548,0.7687056904060343
ASM,fixed,followup_period1–6m:SurgeryTypeNameOAGB,0.4110858149002022,0.10679787983952292,3.849194530059114,0.20176581678950098,0.6204058130109034
ASM,fixed,followup_period6–12m:SurgeryTypeNameOAGB,0.508491970513452,0.1304736787432374,3.8972762584101486,0.2527682592462575,0.7642156817806465
ASM,fixed,followup_period12–24m:SurgeryTypeNameOAGB,0.045130602721089486,0.16721303185742512,0.2698988363512856,-0.2826009174652124,0.37286212290739135
ASM,fixed,followup_period>24m:SurgeryTypeNameOAGB,-0.6947229477897194,0.19458008564007365,-3.5703702437195437,-1.076092907752983,-0.3133529878264558
ASM,fixed,followup_period0–1m:SurgeryTypeNameRYGB,0.5892022578991966,0.26078796909149377,2.259315335564745,0.07806723087852407,1.1003372849198692
ASM,fixed,followup_period1–6m:SurgeryTypeNameRYGB,0.5229324402007988,0.16685881349316126,3.133981533568985,0.19589517525111677,0.8499697051504808
ASM,fixed,followup_period6–12m:SurgeryTypeNameRYGB,0.5958594544898846,0.18713287562410966,3.184151648942629,0.2290857579432164,0.9626331510365529
ASM,fixed,followup_period12–24m:SurgeryTypeNameRYGB,0.5447223516338298,0.22595205464355234,2.410787334920009,0.10186446229964102,0.9875802409680186
ASM,fixed,followup_period>24m:SurgeryTypeNameRYGB,0.106402781387439,0.25212370066110235,0.4220260971437297,-0.38775059155727887,0.6005561543321569
