Outcome,SurgeryTypeName,followup_period,n,mean,sd,se,lower,upper,OutcomeLabel,period_index
ASM,SG,Pre,555,28.880991040478957,8.578795316308293,0.3641495808862935,28.16725786194182,29.594724219016094,Appendicular skeletal muscle mass (kg),1
ASM,SG,0–1m,126,25.997698367588104,6.3112476370486545,0.5622506271648258,24.895687138345046,27.09970959683116,Appendicular skeletal muscle mass (kg),2
ASM,SG,1–6m,695,25.17833092915926,6.743476987182605,0.2557946621316644,24.676973391381196,25.67968846693732,Appendicular skeletal muscle mass (kg),3
ASM,SG,6–12m,356,24.09286514292942,5.691492703144959,0.3016485099702662,23.501634063387698,24.68409622247114,Appendicular skeletal muscle mass (kg),4
ASM,SG,12–24m,188,22.900478733346816,4.734082662981526,0.34526846369306513,22.223752544508407,23.577204922185224,Appendicular skeletal muscle mass (kg),5
ASM,SG,>24m,127,22.732677099272962,4.369371850543706,0.38771905536394885,21.972747750759623,23.4926064477863,Appendicular skeletal muscle mass (kg),6
ASM,OAGB,Pre,1382,27.261823442323852,7.416825253225907,0.19950970444696747,26.870784421607794,27.65286246303991,Appendicular skeletal muscle mass (kg),1
ASM,OAGB,0–1m,316,26.653164543683015,6.897190848995666,0.38799729872913574,25.892689838173908,27.413639249192123,Appendicular skeletal muscle mass (kg),2
ASM,OAGB,1–6m,1623,23.885218731356638,6.242685748368362,0.15495736172009275,23.581502302385257,24.18893516032802,Appendicular skeletal muscle mass (kg),3
ASM,OAGB,6–12m,910,23.617175857837385,5.6359182582565985,0.186828871023932,23.25099127063048,23.98336044504429,Appendicular skeletal muscle mass (kg),4
ASM,OAGB,12–24m,487,22.986632415646156,4.8306488175477815,0.2188975926189346,22.557593134113045,23.415671697179267,Appendicular skeletal muscle mass (kg),5
ASM,OAGB,>24m,442,22.76450226209822,5.333703313632508,0.25369839505060787,22.26725340779903,23.26175111639741,Appendicular skeletal muscle mass (kg),6
ASM,RYGB,Pre,238,26.499789867080562,5.352033104881469,0.346920778715862,25.819825140797473,27.17975459336365,Appendicular skeletal muscle mass (kg),1
ASM,RYGB,0–1m,84,24.74880958738781,3.920735520742444,0.42778731675486553,23.910346446548274,25.587272728227347,Appendicular skeletal muscle mass (kg),2
ASM,RYGB,1–6m,269,24.119442386698104,5.225637930654479,0.3186127678624354,23.494961361687732,24.743923411708476,Appendicular skeletal muscle mass (kg),3
ASM,RYGB,6–12m,216,22.13759265564106,3.149270217866575,0.21428069710879777,21.71760248930782,22.557582821974304,Appendicular skeletal muscle mass (kg),4
ASM,RYGB,12–24m,134,21.674626834356964,3.824764712094507,0.3304093470056226,21.027024514225943,22.322229154487985,Appendicular skeletal muscle mass (kg),5
ASM,RYGB,>24m,122,21.638688493947512,3.5993366094176986,0.32586862519178045,20.999985988571623,22.2773909993234,Appendicular skeletal muscle mass (kg),6
BMI,SG,Pre,555,44.476720719346055,6.029403504684492,0.25593392525071224,43.97509022585466,44.97835121283745,BMI (kg/m²),1
BMI,SG,0–1m,126,40.358174591064454,4.926690438962247,0.4389044684117058,39.49792183297751,41.2184273491514,BMI (kg/m²),2
BMI,SG,1–6m,695,36.93985611401016,5.131358157155256,0.1946435093618487,36.558354835660936,37.32135739235939,BMI (kg/m²),3
BMI,SG,6–12m,356,31.839044945963312,4.605433188082571,0.2440874707939229,31.360633503207225,32.3174563887194,BMI (kg/m²),4
BMI,SG,12–24m,188,30.88409575279723,5.190078451804206,0.37852537462291314,30.142186018536318,31.62600548705814,BMI (kg/m²),5
BMI,SG,>24m,127,33.93196850393701,7.6675612355290275,0.6803860373693343,32.59841187069311,35.2655251371809,BMI (kg/m²),6
BMI,OAGB,Pre,1382,44.572206949766745,5.876372795508229,0.1580721345891385,44.26238556597203,44.88202833356146,BMI (kg/m²),1
BMI,OAGB,0–1m,316,41.068291144069235,4.976531927475713,0.27995179300874945,40.51958562977209,41.61699665836638,BMI (kg/m²),2
BMI,OAGB,1–6m,1623,37.15057156161475,5.1690609841613915,0.1283076042847851,36.899088657216566,37.40205446601293,BMI (kg/m²),3
BMI,OAGB,6–12m,910,31.627153844057858,4.736925556293239,0.15702755314276667,31.319379839898037,31.93492784821768,BMI (kg/m²),4
BMI,OAGB,12–24m,487,29.281663242003265,4.488066565114211,0.2033737089411829,28.883050772478548,29.680275711527983,BMI (kg/m²),5
BMI,OAGB,>24m,442,30.45683257918552,5.384184441388578,0.2560995374349857,29.954877485812947,30.958787672558092,BMI (kg/m²),6
BMI,RYGB,Pre,238,44.01752102122587,5.857141235022413,0.37966207579124506,43.273383352675026,44.76165868977671,BMI (kg/m²),1
BMI,RYGB,0–1m,84,39.87952383677165,4.58753675026307,0.5005412955112439,38.89846289756961,40.860584775973685,BMI (kg/m²),2
BMI,RYGB,1–6m,269,36.76910781094576,5.330221457010014,0.3249893380050931,36.13212870845578,37.40608691343574,BMI (kg/m²),3
BMI,RYGB,6–12m,216,30.976527776011714,4.655145815470148,0.31674255350428226,30.355712371143323,31.597343180880106,BMI (kg/m²),4
BMI,RYGB,12–24m,134,28.640447744113295,4.170651472161648,0.3602894120904864,27.93428049641594,29.34661499181065,BMI (kg/m²),5
BMI,RYGB,>24m,122,31.362377049180328,5.119690081864813,0.46351496106811363,30.453887725486826,32.27086637287383,BMI (kg/m²),6
FATP,SG,Pre,555,46.78188736454079,6.241015548770974,0.26491635627084587,46.262651306249936,47.30112342283165,Body fat percentage (%),1
FATP,SG,0–1m,126,45.411490073519815,6.258015342539766,0.5575083174513945,44.31877377131508,46.50420637572455,Body fat percentage (%),2
FATP,SG,1–6m,695,42.669961501179216,7.843515066213184,0.29752148485122304,42.08681939087082,43.25310361148761,Body fat percentage (%),3
FATP,SG,6–12m,356,34.92884440374909,8.92071462499582,0.4727969295318651,34.002162421866636,35.85552638563154,Body fat percentage (%),4
FATP,SG,12–24m,188,32.863574585504814,9.106222942126891,0.6641395660156356,31.56186103611417,34.16528813489546,Body fat percentage (%),5
FATP,SG,>24m,127,38.69224254544201,9.16199528358739,0.8129956154131004,37.098771139232326,40.28571395165169,Body fat percentage (%),6
FATP,OAGB,Pre,1382,48.17818607872984,5.618493346061733,0.15113527805208588,47.88196093374775,48.474411223711925,Body fat percentage (%),1
FATP,OAGB,0–1m,316,45.48822861558828,5.894010259498256,0.33156398154476713,44.83836321176053,46.13809401941602,Body fat percentage (%),2
FATP,OAGB,1–6m,1623,44.222753304660806,7.232769078180283,0.17953343472053154,43.87086777260856,44.57463883671305,Body fat percentage (%),3
FATP,OAGB,6–12m,910,34.41311210524716,8.70033798921111,0.2884133959305788,33.84782184922322,34.978402361271094,Body fat percentage (%),4
FATP,OAGB,12–24m,487,29.86532837850725,8.26644722145682,0.3745884796500176,29.131134958393215,30.599521798621286,Body fat percentage (%),5
FATP,OAGB,>24m,442,32.77993091070061,8.804797268145348,0.41880149763207425,31.95907997534174,33.60078184605947,Body fat percentage (%),6
FATP,RYGB,Pre,238,47.58931779732509,4.741139579457132,0.30732243292846556,46.986965828785294,48.19166976586488,Body fat percentage (%),1
FATP,RYGB,0–1m,84,45.43087994521481,4.854396220614127,0.5296580508159949,44.39275016561546,46.469009724814164,Body fat percentage (%),2
FATP,RYGB,1–6m,269,42.035518069793696,6.696785762907796,0.40831023427498997,41.235230010614714,42.83580612897268,Body fat percentage (%),3
FATP,RYGB,6–12m,216,34.43986207581745,6.640003291769582,0.45179499875655915,33.5543438782546,35.325380273380304,Body fat percentage (%),4
FATP,RYGB,12–24m,134,30.44427490936809,7.540488597146068,0.6513990012530773,29.167532866912058,31.721016951824122,Body fat percentage (%),5
FATP,RYGB,>24m,122,36.3113296084107,7.98289564102776,0.7227374124400174,34.89476428002827,37.727894936793135,Body fat percentage (%),6
FFM,SG,Pre,555,65.43747745960682,16.042413326224715,0.6809625213978568,64.10279091766702,66.77216400154663,Fat-free mass (kg),1
FFM,SG,0–1m,126,59.71190477401491,12.680836616482908,1.129698714203256,57.49769529417653,61.92611425385329,Fat-free mass (kg),2
FFM,SG,1–6m,695,57.937553955736774,13.057938383249757,0.4953158353217669,56.96673491850611,58.908372992967436,Fat-free mass (kg),3
FFM,SG,6–12m,356,56.122191019808305,11.435254940117598,0.6060672996928456,54.93429911241033,57.31008292720628,Fat-free mass (kg),4
FFM,SG,12–24m,188,54.26063829787234,9.911212450063893,0.7228494598811982,52.84385335650519,55.67742323923949,Fat-free mass (kg),5
FFM,SG,>24m,127,53.40629921259843,8.640470923669447,0.7667178118538746,51.903532301364834,54.90906612383202,Fat-free mass (kg),6
FFM,OAGB,Pre,1382,62.09081042630628,13.90263115305569,0.37397535167421314,61.35781873702482,62.82380211558773,Fat-free mass (kg),1
FFM,OAGB,0–1m,316,60.68512657503538,13.201452578570086,0.7426397285398932,59.22955270709719,62.140700442973575,Fat-free mass (kg),2
FFM,OAGB,1–6m,1623,55.236044368403086,12.155798663026502,0.30173399180241267,54.64464574447036,55.82744299233581,Fat-free mass (kg),3
FFM,OAGB,6–12m,910,55.022087911249514,11.386777794835096,0.37746800832194777,54.2822506149385,55.76192520756053,Fat-free mass (kg),4
FFM,OAGB,12–24m,487,54.2509240309071,10.072624881072066,0.4564342019255985,53.356312995132924,55.145535066681276,Fat-free mass (kg),5
FFM,OAGB,>24m,442,53.75316742081448,11.0291759606509,0.5246044024976427,52.7249427919191,54.78139204970986,Fat-free mass (kg),6
FFM,RYGB,Pre,238,60.672268881918,10.12814874070858,0.6565103726417466,59.38550855154018,61.959029212295825,Fat-free mass (kg),1
FFM,RYGB,0–1m,84,56.939285541716075,8.135775627625025,0.8876858964468699,55.19942118468021,58.67914989875194,Fat-free mass (kg),2
FFM,RYGB,1–6m,269,56.00780671697567,10.256314731225274,0.6253385458289269,54.78214316715098,57.23347026680037,Fat-free mass (kg),3
FFM,RYGB,6–12m,216,52.54074079019052,6.476045835028464,0.4406391068526651,51.677088140759295,53.40439343962174,Fat-free mass (kg),4
FFM,RYGB,12–24m,134,51.67686567164179,7.65168335242662,0.6610047650707888,50.38129633210305,52.972435011180536,Fat-free mass (kg),5
FFM,RYGB,>24m,122,51.46967213114754,7.285249326059698,0.6595754828405701,50.17690418478002,52.76244007751506,Fat-free mass (kg),6
PMM,SG,Pre,555,62.01009010658608,15.357294844018888,0.651880861449818,60.73240361814443,63.28777659502772,Predicted muscle mass (kg),1
PMM,SG,0–1m,126,56.637301587301586,12.124505658389436,1.0801368132784592,54.520233433275806,58.754369741327366,Predicted muscle mass (kg),2
PMM,SG,1–6m,695,54.89971222911807,12.520872485270473,0.47494376462631305,53.9688224504505,55.83060200778564,Predicted muscle mass (kg),3
PMM,SG,6–12m,356,53.2505617998959,10.960843230165182,0.5809235293528578,52.1119516823643,54.3891719174275,Predicted muscle mass (kg),4
PMM,SG,12–24m,188,51.511170212765954,9.48187309314696,0.6915366690579983,50.15575834141228,52.86658208411963,Predicted muscle mass (kg),5
PMM,SG,>24m,127,50.68976377952756,8.256501379102538,0.7326460243749758,49.25377757175261,52.12574998730251,Predicted muscle mass (kg),6
PMM,OAGB,Pre,1382,58.79905933485017,13.315098162000583,0.3581709435351291,58.09704428552132,59.50107438417902,Predicted muscle mass (kg),1
PMM,OAGB,0–1m,316,57.575632933121696,12.65043352527136,0.7116424850375878,56.180813662448024,58.97045220379537,Predicted muscle mass (kg),2
PMM,OAGB,1–6m,1623,52.27794208303323,11.669249111382937,0.28965674846392064,51.71021485604395,52.845669310022515,Predicted muscle mass (kg),3
PMM,OAGB,6–12m,910,52.17923078264509,10.923503271263845,0.36211060740752415,51.469493992126345,52.88896757316384,Predicted muscle mass (kg),4
PMM,OAGB,12–24m,487,51.50924023074046,9.65206736211788,0.43737692164423125,50.651981464317764,52.366498997163156,Predicted muscle mass (kg),5
PMM,OAGB,>24m,442,51.045701357466065,10.543336423116667,0.5014953723028942,50.06277042775239,52.02863228717974,Predicted muscle mass (kg),6
PMM,RYGB,Pre,238,57.55252098275834,9.685408816216702,0.6278118058796627,56.3220098432342,58.78303212228248,Predicted muscle mass (kg),1
PMM,RYGB,0–1m,84,54.03571426754906,7.757245173837718,0.8463848379391004,52.37679998518843,55.694628549909694,Predicted muscle mass (kg),2
PMM,RYGB,1–6m,269,53.140892099713746,9.802141393518854,0.5976471086998644,51.969503766662015,54.312280432765476,Predicted muscle mass (kg),3
PMM,RYGB,6–12m,216,49.86296294530233,6.168111372688123,0.4196868205484396,49.04037677702739,50.68554911357727,Predicted muscle mass (kg),4
PMM,RYGB,12–24m,134,49.025373117247625,7.300485994680765,0.6306659342203642,47.78926788617571,50.26147834831954,Predicted muscle mass (kg),5
PMM,RYGB,>24m,122,48.808196721311475,6.945961311401993,0.6288577893102497,47.575635454263384,50.040757988359566,Predicted muscle mass (kg),6
SMMI,SG,Pre,555,10.357463487848506,2.109441708441371,0.08954081379849853,10.18196349280345,10.532963482893562,Skeletal muscle mass index (kg/m²),1
SMMI,SG,0–1m,126,9.50968391176254,1.3801037923510855,0.12294941783726591,9.268703052801499,9.750664770723581,Skeletal muscle mass index (kg/m²),2
SMMI,SG,1–6m,695,9.091130844637645,1.6549163116570793,0.06277455378006169,8.968092719228723,9.214168970046567,Skeletal muscle mass index (kg/m²),3
SMMI,SG,6–12m,356,8.770293933621954,1.3298055800989295,0.07047955478627466,8.632154006240855,8.908433861003052,Skeletal muscle mass index (kg/m²),4
SMMI,SG,12–24m,188,8.593647873148004,1.131406785379877,0.08251632056504798,8.43191588484051,8.755379861455499,Skeletal muscle mass index (kg/m²),5
SMMI,SG,>24m,127,8.615061136681264,1.334508594548209,0.11841848882441026,8.38296089858542,8.847161374777109,Skeletal muscle mass index (kg/m²),6
SMMI,OAGB,Pre,1382,10.062874729139933,1.8851717643918333,0.05071038465979711,9.96348237520673,10.162267083073136,Skeletal muscle mass index (kg/m²),1
SMMI,OAGB,0–1m,316,9.760589812375322,1.6604793906824327,0.09340926360969107,9.577507655700327,9.943671969050317,Skeletal muscle mass index (kg/m²),2
SMMI,OAGB,1–6m,1623,8.86054596956762,1.564703809616494,0.0388394328955165,8.784420681092406,8.936671258042832,Skeletal muscle mass index (kg/m²),3
SMMI,OAGB,6–12m,910,8.783429573918436,1.361956995362128,0.045148434765511454,8.694938641778034,8.871920506058839,Skeletal muscle mass index (kg/m²),4
SMMI,OAGB,12–24m,487,8.587230793014934,1.1613172100777265,0.0526243059999543,8.484087153255023,8.690374432774844,Skeletal muscle mass index (kg/m²),5
SMMI,OAGB,>24m,442,8.521739249855145,1.3157925922209852,0.06258587124873265,8.39907094220763,8.64440755750266,Skeletal muscle mass index (kg/m²),6
SMMI,RYGB,Pre,238,10.003200777438508,1.4632916512011722,0.09485110969513948,9.817292602436034,10.189108952440982,Skeletal muscle mass index (kg/m²),1
SMMI,RYGB,0–1m,84,9.39950422445933,1.0145548388924106,0.1106970082359095,9.182538088316948,9.616470360601712,Skeletal muscle mass index (kg/m²),2
SMMI,RYGB,1–6m,269,9.07912199382002,1.3862907442423935,0.0845236384430916,8.913455662471561,9.24478832516848,Skeletal muscle mass index (kg/m²),3
SMMI,RYGB,6–12m,216,8.453811828736905,0.9200877222278796,0.06260403994605358,8.33110791044264,8.57651574703117,Skeletal muscle mass index (kg/m²),4
SMMI,RYGB,12–24m,134,8.246127459540295,0.9719761432245242,0.08396595005500122,8.081554197432492,8.410700721648098,Skeletal muscle mass index (kg/m²),5
SMMI,RYGB,>24m,122,8.262947832951781,1.0431323751588575,0.09444076780611148,8.077843928051802,8.44805173785176,Skeletal muscle mass index (kg/m²),6
TWL,SG,Pre,555,1.5038504375242951,6.739991964188637,0.2860967255239823,0.9431008554972898,2.0646000195513006,Total weight loss (%),1
TWL,SG,0–1m,126,9.31274847473417,2.714878722151054,0.24186061964123548,8.838701660237348,9.78679528923099,Total weight loss (%),2
TWL,SG,1–6m,695,17.187586809748368,6.178694605888341,0.2343712452985269,16.728219168963253,17.64695445053348,Total weight loss (%),3
TWL,SG,6–12m,356,29.141491300604315,6.453884648475806,0.3420552022594973,28.471063104175702,29.811919497032928,Total weight loss (%),4
TWL,SG,12–24m,188,33.178687739721006,9.266170246317715,0.6758049220985886,31.854110092407772,34.50326538703424,Total weight loss (%),5
TWL,SG,>24m,127,27.250349734711836,10.870736280446451,0.9646218600600072,25.359690888994223,29.14100858042945,Total weight loss (%),6
TWL,OAGB,Pre,1382,1.1653075744654366,5.617898097264716,0.15111926609177798,0.8691138129255518,1.4615013360053215,Total weight loss (%),1
TWL,OAGB,0–1m,316,9.552425770065453,3.5637484166523965,0.2004765112759943,9.159491807964503,9.945359732166402,Total weight loss (%),2
TWL,OAGB,1–6m,1623,16.58494702949248,5.935279818157964,0.14732686198927347,16.296186379993504,16.873707678991455,Total weight loss (%),3
TWL,OAGB,6–12m,910,30.582574756852875,6.564809897473116,0.2176213290238596,30.15603695196611,31.009112561739638,Total weight loss (%),4
TWL,OAGB,12–24m,487,36.5419878783412,7.5931393834643135,0.3440779891559399,35.86759501959556,37.216380737086844,Total weight loss (%),5
TWL,OAGB,>24m,442,34.7185358014042,9.654581266556356,0.45922160048735183,33.818461464448994,35.61861013835941,Total weight loss (%),6
TWL,RYGB,Pre,238,0.6179328735510842,6.2525327888538,0.4052915035367032,-0.17643847338085406,1.4123042204830223,Total weight loss (%),1
TWL,RYGB,0–1m,84,9.471548926972208,3.551369826684508,0.38748621551342766,8.712075944565889,10.231021909378526,Total weight loss (%),2
TWL,RYGB,1–6m,269,17.472815621741198,6.333218863687726,0.38614316920066677,16.71597501010789,18.229656233374506,Total weight loss (%),3
TWL,RYGB,6–12m,216,30.107647560260915,6.815711640705825,0.46375043760213397,29.19869670256073,31.0165984179611,Total weight loss (%),4
TWL,RYGB,12–24m,134,35.46467671465518,7.0536893630278215,0.6093459524578831,34.270358647837725,36.65899478147263,Total weight loss (%),5
TWL,RYGB,>24m,122,29.81098412685707,10.079864288512546,0.9125880333678236,28.022311581456133,31.599656672258003,Total weight loss (%),6
Weight,SG,Pre,555,122.54846846846847,23.48329332982466,0.9968102872939827,120.59472030537226,124.50221663156468,Weight (kg),1
Weight,SG,0–1m,126,109.2547619532025,18.017016944243306,1.605083441358553,106.10879840813973,112.40072549826527,Weight (kg),2
Weight,SG,1–6m,695,101.16503595804997,18.231347896700065,0.6915544435467267,99.80958924869839,102.52048266740155,Weight (kg),3
Weight,SG,6–12m,356,86.67612360407797,15.432351886694319,0.8179130141704064,85.07301409630398,88.27923311185197,Weight (kg),4
Weight,SG,12–24m,188,81.93670213577595,16.70471080644528,1.218316249878464,79.54880228601415,84.32460198553774,Weight (kg),5
Weight,SG,>24m,127,89.2259842519685,21.03016055082321,1.8661249858838942,85.56837927963606,92.88358922430093,Weight (kg),6
Weight,OAGB,Pre,1382,119.66895808041872,21.74347949510671,0.5848911117099101,118.5225715014673,120.81534465937014,Weight (kg),1
Weight,OAGB,0–1m,316,111.15632914289644,19.2460919462379,1.0826772594411027,109.03428171439188,113.278376571401,Weight (kg),2
Weight,OAGB,1–6m,1623,99.208256296662,17.918453950089532,0.44477592852316195,98.3364954767566,100.0800171165674,Weight (kg),3
Weight,OAGB,6–12m,910,84.31890111902258,15.52920580301641,0.514788159644695,83.30991632611898,85.32788591192619,Weight (kg),4
Weight,OAGB,12–24m,487,77.95585215605749,14.433686932620416,0.6540527870063351,76.67390869352508,79.2377956185899,Weight (kg),5
Weight,OAGB,>24m,442,80.88303167420814,17.24081685549729,0.8200620297761272,79.27571009584693,82.49035325256935,Weight (kg),6
Weight,RYGB,Pre,238,116.1815126370983,18.9652846187988,1.2293368108131975,113.77201248790443,118.59101278629215,Weight (kg),1
Weight,RYGB,0–1m,84,104.73690459841772,14.975238675525604,1.6339324947768172,101.53439690865517,107.93941228818028,Weight (kg),2
Weight,RYGB,1–6m,269,97.34981411504923,17.970088393527995,1.0956556266954178,95.20232908672621,99.49729914337225,Weight (kg),3
Weight,RYGB,6–12m,216,81.03009268089578,13.437080662488937,0.9142775348810234,79.23810871252897,82.82207664926258,Weight (kg),4
Weight,RYGB,12–24m,134,75.2723880597015,14.221086694092724,1.228514777248191,72.86449909629505,77.68027702310795,Weight (kg),5
Weight,RYGB,>24m,122,82.0172131147541,14.992282822679089,1.357337510231687,79.3568315947,84.6775946348082,Weight (kg),6
